{"cameraMode":{"drawMode":0,"name":"Shaded","section":"Shading Mode"},"sceneLighting":false,"audioPlay":false,"sceneViewState":{"showFog":true,"showMaterialUpdate":true,"showSkybox":false,"showFlares":true,"showImageEffects":true,"showParticleSystems":true},"in2DMode":false,"pivot":{"x":0.0,"y":-0.11899995803833008,"z":0.20399999618530274},"rotation":{"x":-0.15891477465629579,"y":0.6564782857894898,"z":-0.14425960183143617,"w":-0.7231687307357788},"size":1.7312970161437989,"orthographic":false}