{"cameraMode":{"drawMode":0,"name":"Shaded","section":"Shading Mode"},"sceneLighting":false,"audioPlay":false,"sceneViewState":{"showFog":true,"showMaterialUpdate":true,"showSkybox":false,"showFlares":true,"showImageEffects":true,"showParticleSystems":true},"in2DMode":false,"pivot":{"x":3.9600000381469728,"y":-0.9771372079849243,"z":216.55284118652345},"rotation":{"x":-0.15891477465629579,"y":0.6564782857894898,"z":-0.14425960183143617,"w":-0.7231687307357788},"size":1.3881967067718506,"orthographic":false}